{
  "modules": {
    "default": {
      "executors": [
        "aot"
      ],
      "export_datetime": "2024-04-13 08:41:53Z",
      "external_dependencies": [
        {
          "short_name": "tvm_standalone_crt",
          "url": "./runtime",
          "url_type": "mlf_path",
          "version_spec": "0.14.dev273"
        }
      ],
      "memory": {
        "functions": {
          "main": [
            {
              "constants_size_bytes": 1320,
              "device": 1,
              "inputs": {
                "input": {
                  "dtype": "float32",
                  "size": 12288
                }
              },
              "io_size_bytes": 38656,
              "outputs": {
                "output": {
                  "dtype": "float32",
                  "size": 40
                }
              },
              "workspace_size_bytes": 61100
            }
          ],
          "operator_functions": [
            {
              "function_name": "tvmgen_default_fused_nn_contrib_dense_pack_add",
              "workspace": [
                {
                  "device": 1,
                  "workspace_size_bytes": 0
                }
              ]
            },
            {
              "function_name": "tvmgen_default_fused_nn_max_pool2d",
              "workspace": [
                {
                  "device": 1,
                  "workspace_size_bytes": 0
                }
              ]
            },
            {
              "function_name": "tvmgen_default_fused_nn_conv2d_add_nn_relu",
              "workspace": [
                {
                  "device": 1,
                  "workspace_size_bytes": 0
                }
              ]
            }
          ]
        }
      },
      "model_name": "default",
      "style": "full-model",
      "target": [
        "c -keys=arm_cpu,cpu -mcpu=cortex-m4"
      ]
    }
  },
  "version": 7
}